<?xml version="1.0" encoding="UTF-8"?>
<buku>
	<halaman>
		<judul>Debugging</judul>
		<isi><![CDATA[
<p>Dengan sengaja melakukan berbagai tindakan <u>Hacking</u> untuk mengetahui <u>celah keamanan</u> pada website. Sehingga langsung dapat diperbaiki.</p>
		]]></isi>
	</halaman>
	<halaman>
		<judul>Publishing</judul>
		<isi><![CDATA[
<p>Mengunggah website ke Hosting (Internet), untuk dipublikasikan.</p>
		]]></isi>
	</halaman>
	<halaman>
		<judul>Maintance</judul>
		<isi><![CDATA[
<p>Melakukan perawatan terhadap website. Mulai dari memperbarui fitur hingga memperbaiki kesalahan yang terjadi pada website.</p>
		]]></isi>
	</halaman>

</buku>
