<?xml version="1.0" encoding="UTF-8"?>
<buku>
	<halaman>
		<judul>Tujuan</judul>
		<isi><![CDATA[
<p>Diantaranya adalah :</p>
<ul>
	<li><br/>Membuat website berbasis multimedia.</li>
	<li><br/>Sebagai media digital yang digunakan untuk mendapatkan informasi yang disajikan secara <b>eksplisit</b> (apa adanya).</li>
	<li><br/>Memudahkan masyarakat luas untuk mendapatkan informasi secara mudah dan murah tanpa adanya batasan ruang dan waktu.</li>
	<li></li>
</ul>
		]]></isi>
	</halaman>
	<halaman>
		<judul>Ruang Lingkup</judul>
		<isi><![CDATA[
<p>Diantaranya adalah :</p>
<ul>
	<li><br/>Bahasa pemrograman yang digunakan adalah <u>PHP</u> (Hypertext Preprocessor). Yang dijalankan disisi server (server-side).</li>
	<li><br/>Penyimpanan data yang digunakan adalah <u>MySQL Database</u>. Yang dijalankan disisi server (server-side). Juga menggunakan <u>JSON</u> (Javascript Object Notation), sebagai penyimpanan data kedua.</li>
	<li><br/><u>HTML</u> (Hypertext Markup Language) dan <u>CSS</u> (Casecading Stylesheet) untuk membuat tampilan website. Dimana kami menggunakan Framework <u>Bootstrap</u>.</li>
	<li><br/>Menggunakan bahasa pemrogaman <u>Javascript</u> untuk berinteraksi dengan pengguna website. Dimana kami menggunakan Framework <u>jQuery</u>.</li>
	<li><br/>Ditujukan untuk masyarakat luas.</li>
	<li><br/>Pembuatan ditujukan untuk keperluan Studi dan Portofolio.</li>
</ul>
		]]></isi>
	</halaman>
	<halaman>
		<judul>Keunggulan Produk</judul>
		<isi><![CDATA[
<p>Diantaranya adalah :</p>
<ul>
	<li><br/>Dapat diakses dari berbagai tempat yang terhubung ke internet.</li>
	<li><br/>Jauh dari <b>Vurnerable</b> (celah keamanan). Karena setiap interaksi yang dilakukan, akan divalidasi dua kali. Yaitu, melalui sisi-pengguna (user-side) dan sisi-server (server-side).</li>
	<li><br/><u>Cross-Platform</u> (Multi Perangkat). Tidak hanya dapat diakses melalui perangkat konveksional (PC, Laptop). Namun, juga dapat menggunakan perangkat Portable. Seperti Handphone/Smartphone dan Table.</li>
	<li><br/>Cepat.</li>
	<li><br/>Kedepannya, website ini akan terus dikembangkan.</li>
</ul>
		]]></isi>
	</halaman>
</buku>