<?xml version="1.0" encoding="UTF-8"?>
<buku>
	<halaman>
		<judul>Menentukan Konsep Dasar</judul>
		<isi><![CDATA[
<p>Fungsi website secara garis :</p>
<ul>
	<li><br>Website dapat memainkan video.</li>
	<li><br>Dapat menggunggah video pada website.</li>
	<li><br>Untuk dapat mengunggah video, pengunjung harus mendaftar terlebih dahulu.</li>
	<li><br>Dalam proses pendaftaran, dilakukan konfirmasi akun melalui Email.</li>
	<li><br>Pengguna (pengunjung yang sudah terdaftar) dapat memberikan komentar pada video yang dilihat.</li>
	<li><br></li>
</ul>
		]]></isi>
	</halaman>
	<halaman>
		<judul>Menentukan Alur Kerja Website</judul>
		<isi><![CDATA[
<p>Alur kerja pengunjung :</p>
<img src="gambar/skema_pgj.png" width="300" height="126">

		]]></isi>
	</halaman>
	<halaman>
		<judul>Menentukan Alur Kerja Website</judul>
		<isi><![CDATA[
<p>Alur kerja pengguna :</p>
<img src="gambar/skema_pgn.png" width="300" height="174">

		]]></isi>
	</halaman>
	<halaman>
		<judul>Menentukan Alur Kerja Website</judul>
		<isi><![CDATA[
<p>Alur kerja dalam mengunggah video :</p>
<img src="gambar/skema_upld.png" width="300" height="76">

		]]></isi>
	</halaman>
	<halaman>
		<judul>Menentukan Alur Kerja Website</judul>
		<isi><![CDATA[
<p>Skema relasi penyimpanan data :</p>
<img src="gambar/new-db-rel.png" width="300" height="360">
<p>&nbsp;</p><br/><p>&nbsp;</p><br/>
<p>&nbsp;</p><br/><p>&nbsp;</p><br/>
<p>&nbsp;</p><br/><p>&nbsp;</p><br/>
<p>&nbsp;</p><br/><p>&nbsp;</p><br/>
<p>&nbsp;</p><br/><p>&nbsp;</p><br/>
<p>&nbsp;</p><br/><p>&nbsp;</p><br/>
<p>&nbsp;</p><br/><p>&nbsp;</p><br/>
<p>&nbsp;</p><br/><p>&nbsp;</p><br/>
		]]></isi>
	</halaman>
	<halaman>
		<judul>Menentukan Alur Kerja Website</judul>
		<isi><![CDATA[
<p>Sitemap :</p>
<img src="gambar/skema_stmp.png" width="150" height="167">
		]]></isi>
	</halaman>
	<halaman>
		<judul>Menentukan Alur Kerja Website</judul>
		<isi><![CDATA[
<p>Kemudian, yang terakhir membuat <u>Time Schedule</u>.</p>
		]]></isi>
	</halaman>
</buku>
