<?xml version="1.0" encoding="UTF-8"?>
<buku>
	<halaman>
		<judul>Mendesain Tampilan</judul>
		<isi><![CDATA[
<p>Halaman utama :</p>
<img src="gambar/pds/pta-img00009-visible.png" width="300" height="419" vspace="0" hspace="0">
<p>&nbsp;</p><br/><p>&nbsp;</p><br/><p>&nbsp;</p><br/><p>&nbsp;</p><br/>
<p>&nbsp;</p><br/><p>&nbsp;</p><br/><p>&nbsp;</p><br/><p>&nbsp;</p><br/>
<p>&nbsp;</p><br/><p>&nbsp;</p><br/><p>&nbsp;</p><br/><p>&nbsp;</p><br/>
<p>&nbsp;</p><br/><p>&nbsp;</p><br/><p>&nbsp;</p><br/><p>&nbsp;</p><br/>
<p>&nbsp;</p><br/><p>&nbsp;</p><br/><p>&nbsp;</p><br/><p>&nbsp;</p><br/>
<p>&nbsp;</p><br/><p>&nbsp;</p><br/><p>&nbsp;</p><br/><p>&nbsp;</p><br/>
		]]></isi>
	</halaman>
	<halaman>
		<judul>Mendesain Tampilan</judul>
		<isi><![CDATA[
<p>Halaman menonton video :</p>
<img src="gambar/pds/pta-img00011-visible.png" width="300" height="479" vspace="0" hspace="0">
<p>&nbsp;</p><br/><p>&nbsp;</p><br/><p>&nbsp;</p><br/><p>&nbsp;</p><br/>
<p>&nbsp;</p><br/><p>&nbsp;</p><br/><p>&nbsp;</p><br/><p>&nbsp;</p><br/>
<p>&nbsp;</p><br/><p>&nbsp;</p><br/><p>&nbsp;</p><br/><p>&nbsp;</p><br/>
<p>&nbsp;</p><br/><p>&nbsp;</p><br/><p>&nbsp;</p><br/><p>&nbsp;</p><br/>
<p>&nbsp;</p><br/><p>&nbsp;</p><br/><p>&nbsp;</p><br/><p>&nbsp;</p><br/>
<p>&nbsp;</p><br/><p>&nbsp;</p><br/><p>&nbsp;</p><br/><p>&nbsp;</p><br/>
		]]></isi>
	</halaman>
	<halaman>
		<judul>Mendesain Tampilan</judul>
		<isi><![CDATA[
<p>Halaman pengaturan akun pengguna :</p>
<img src="gambar/pds/pta-img00013-visible.png" width="300" height="367" vspace="0" hspace="0">
<p>&nbsp;</p><br/><p>&nbsp;</p><br/><p>&nbsp;</p><br/><p>&nbsp;</p><br/>
<p>&nbsp;</p><br/><p>&nbsp;</p><br/><p>&nbsp;</p><br/><p>&nbsp;</p><br/>
<p>&nbsp;</p><br/><p>&nbsp;</p><br/><p>&nbsp;</p><br/><p>&nbsp;</p><br/>
<p>&nbsp;</p><br/><p>&nbsp;</p><br/><p>&nbsp;</p><br/><p>&nbsp;</p><br/>
<p>&nbsp;</p><br/><p>&nbsp;</p><br/><p>&nbsp;</p><br/><p>&nbsp;</p><br/>
<p>&nbsp;</p><br/><p>&nbsp;</p><br/><p>&nbsp;</p><br/><p>&nbsp;</p><br/>
		]]></isi>
	</halaman>
	<halaman>
		<judul>Mendesain Tampilan</judul>
		<isi><![CDATA[
<p>Halaman proses unggah video :</p>
<img src="gambar/pds/pta-img00014-visible.png" width="300" height="492" vspace="0" hspace="0">
<p>&nbsp;</p><br/><p>&nbsp;</p><br/><p>&nbsp;</p><br/><p>&nbsp;</p><br/>
<p>&nbsp;</p><br/><p>&nbsp;</p><br/><p>&nbsp;</p><br/><p>&nbsp;</p><br/>
<p>&nbsp;</p><br/><p>&nbsp;</p><br/><p>&nbsp;</p><br/><p>&nbsp;</p><br/>
<p>&nbsp;</p><br/><p>&nbsp;</p><br/><p>&nbsp;</p><br/><p>&nbsp;</p><br/>
<p>&nbsp;</p><br/><p>&nbsp;</p><br/><p>&nbsp;</p><br/><p>&nbsp;</p><br/>
<p>&nbsp;</p><br/><p>&nbsp;</p><br/><p>&nbsp;</p><br/><p>&nbsp;</p><br/>
		]]></isi>
	</halaman>
	<halaman>
		<judul>Scripting</judul>
		<isi><![CDATA[
<ul>
	<li><br/>Membangun tampilan website berdasarkan <u>desain tampilan</u>. Dengan HTML dan CSS menggunakan Bootstrap.</li>
	<li><br/>Membangun sistem website menggunakan PHP dengan penyimpanan data MySQL.</li>
	<li><br/>Membuat penanganan terhadap interaksi pengunjung dan pengguna yang tersinkronisasi dengan Javascript menggunakan jQuery.</li>
</ul>
		]]></isi>
	</halaman>
</buku>